DRM_ID,Priority,Latitude,Longitude,Status,grid_id_50,mpa_nr,subreg_nr,zone_nr,habclass,lat_deg,lon_deg,psu_depth,psu_vrel,Shape_Leng,Shape_Area,region,prot,depth_clas,rugosity_c,strat
1527,Primary,24.662304,-82.927195,Surveyed,583028,26,4,4,CONT_HR,24.662304,-82.927195,17.5,0.2313,220.542936,3039.925718,DRY TORT,2,D2,R2,DT04
1529,Primary,24.651224,-82.801565,Surveyed,540402,26,4,4,CONT_LR,24.651224,-82.801565,2.4,0.2005,220.536777,3039.755919,DRY TORT,2,D1,R2,DT01
1532,Primary,24.68348,-82.894913,Surveyed,620450,26,4,4,CONT_LR,24.68348,-82.894913,5.7,0.3226,220.583553,3041.045573,DRY TORT,2,D1,R3,DT02
1538,Primary,24.590247,-82.890364,Surveyed,339174,26,4,4,CONT_LR,24.590092,-82.890542,10,0.2028,220.420792,3036.559378,DRY TORT,2,D1,R2,DT01
1540,Primary,24.699678,-82.899111,Surveyed,645710,26,4,4,CONT_LR,24.699678,-82.899111,13.1,0.2637,220.611475,3041.81551,DRY TORT,2,D2,R3,DT05
1544,Primary,24.582647,-82.908202,Surveyed,317006,26,4,4,CONT_MR,24.582647,-82.908202,12.9,0.3687,220.405968,3036.150972,DRY TORT,2,D2,R3,DT05
1546,Primary,24.595228,-82.912836,Surveyed,356177,26,4,4,CONT_HR,24.595228,-82.912836,10.6,0.565,220.427393,3036.741247,DRY TORT,2,D1,R4,DT02
1548,Primary,24.571295,-82.91346,Surveyed,284011,26,4,4,CONT_MR,24.571295,-82.91346,11.5,0.2684,220.385665,3035.591616,DRY TORT,2,D1,R3,DT02
1549,Primary,24.687228,-82.8841,Surveyed,626084,26,4,4,ISOL_HR,24.687228,-82.8841,7.4,0.3296,220.591318,3041.259682,DRY TORT,2,D1,R3,DT02
1550,Primary,24.682998,-82.897376,Surveyed,619743,26,4,4,ISOL_HR,24.682998,-82.897376,7.8,0.4006,220.582304,3041.011134,DRY TORT,2,D1,R4,DT02
1552,Primary,24.596296,-82.961624,Surveyed,361882,26,4,4,ISOL_LR,24.596404,-82.961731,15.1,0.1874,220.4243,3036.656037,DRY TORT,2,D2,R2,DT04
1555,Primary,24.693585,-82.916806,Surveyed,636544,26,4,4,ISOL_LR,24.693585,-82.916806,14.6,0.2735,220.598959,3041.47038,DRY TORT,2,D2,R3,DT05
1557,Primary,24.633893,-82.797837,Surveyed,481429,26,4,4,CONT_LR,24.634114,-82.797863,7.4,0.23,220.507272,3038.942594,DRY TORT,2,D1,R2,DT01
1567,Primary,24.613608,-82.948627,Surveyed,418621,26,4,4,CONT_MR,24.613727,-82.948669,11,0.2723,220.455832,3037.524913,DRY TORT,2,D1,R3,DT02
1569,Primary,24.607384,-82.942078,Surveyed,397566,26,4,4,ISOL_MR,24.607492,-82.942154,13.6,0.2081,220.445672,3037.244934,DRY TORT,2,D2,R2,DT04
1573,Primary,24.639483,-82.801891,Surveyed,499957,26,4,4,ISOL_MR,24.639483,-82.801891,4.7,0.2561,220.516165,3039.187767,DRY TORT,2,D1,R2,DT01
1578,Primary,24.662732,-82.782959,Surveyed,579294,26,4,4,ISOL_MR,24.662732,-82.782959,11.9,0.2586,220.558705,3040.360468,DRY TORT,2,D1,R2,DT01
1580,Primary,24.696276,-82.772461,Surveyed,638240,26,4,4,SPGR_MR,24.696261,-82.772565,12.7,0.42,220.618438,3042.007528,DRY TORT,2,D2,R4,DT05
1586,Primary,24.626169,-83.064908,Surveyed,465516,0,3,4,CONT_LR,24.626169,-83.064908,15.8,0.229957,220.464477,3037.76315,DRY TORT,0,D2,R2,DT04
1589,Primary,24.606163,-83.075441,Surveyed,398794,0,3,4,CONT_LR,24.606163,-83.075441,16.7,0.537034,220.428489,3036.771467,DRY TORT,0,D2,R4,DT05
1590,Primary,24.610696,-83.074034,Surveyed,413833,0,3,4,CONT_LR,24.610696,-83.074034,15.8,0.293181,220.436467,3036.991293,DRY TORT,0,D2,R3,DT05
1591,Primary,24.611121,-83.076016,Surveyed,415339,0,3,4,CONT_LR,24.611121,-83.076016,16.1,0.287585,220.436912,3037.00356,DRY TORT,0,D2,R3,DT05
1592,Primary,24.619052,-83.089973,Surveyed,442571,0,3,4,CONT_LR,24.619052,-83.089973,16.7,0.537034,220.449071,3037.33861,DRY TORT,0,D2,R4,DT05
1596,Primary,24.654539,-83.069819,Surveyed,563345,24,3,4,ISOL_LR,24.654539,-83.069819,17.4,0.191286,220.513557,3039.115845,DRY TORT,1,D2,R2,DT04
1602,Primary,24.652923,-83.055963,Surveyed,557097,24,3,4,ISOL_MR,24.652923,-83.055963,16.5,0.508372,220.512322,3039.081813,DRY TORT,1,D2,R4,DT05
1606,Primary,24.657677,-83.071353,Surveyed,574252,24,3,4,CONT_LR,24.657677,-83.071353,16.9,0.443372,220.519001,3039.265939,DRY TORT,1,D2,R4,DT05
1609,Primary,24.659968,-83.068921,Surveyed,581399,24,3,4,CONT_LR,24.659968,-83.068921,16.3,0.387292,220.523245,3039.38291,DRY TORT,1,D2,R3,DT05
2516,Alternate,24.668718,-82.913418,Surveyed,597804,26,4,4,CONT_LR,24.6688,-82.913463,9.7,0.2926,220.55584,3040.281489,DRY TORT,2,D1,R3,DT02
2521,Alternate,24.679795,-82.790612,Surveyed,612971,26,4,4,CONT_LR,24.679795,-82.790612,3.9,0.2363,220.587792,3041.162449,DRY TORT,2,D1,R2,DT01
2527,Alternate,24.692363,-82.906412,Surveyed,634455,26,4,4,CONT_MR,24.692363,-82.906412,11,0.2314,220.597922,3041.441786,DRY TORT,2,D1,R2,DT01
2529,Alternate,24.588031,-82.910752,Surveyed,333541,26,4,4,CONT_MR,24.588031,-82.910752,11.2,0.2135,220.415133,3036.403468,DRY TORT,2,D1,R2,DT01
2535,Alternate,24.700844,-82.801808,Surveyed,645907,26,4,4,CONT_LR,24.700878,-82.801785,3,0.3182,220.623661,3042.151574,DRY TORT,2,D1,R3,DT02
2542,Alternate,24.662876,-82.919754,Surveyed,584385,26,4,4,SPGR_LR,24.662851,-82.919794,10.3,0.2239,220.54477,3039.97629,DRY TORT,2,D1,R2,DT01
2545,Alternate,24.615449,-82.945366,Surveyed,424684,26,4,4,ISOL_MR,24.615577,-82.945242,6.1,0.4137,220.459459,3037.624883,DRY TORT,2,D1,R4,DT02
2558,Alternate,24.683875,-82.784266,Surveyed,619270,26,4,4,ISOL_MR,24.683933,-82.784249,9.2,0.4269,220.595565,3041.376772,DRY TORT,2,D1,R4,DT02
2562,Alternate,24.644554,-82.793073,Surveyed,517045,26,4,4,ISOL_MR,24.644554,-82.793073,8.7,0.269,220.525989,3039.458546,DRY TORT,2,D1,R3,DT02
2573,Alternate,24.617452,-83.075133,Surveyed,436525,0,3,4,CONT_LR,24.617452,-83.075133,14.7,0.537034,220.448308,3037.317572,DRY TORT,0,D2,R4,DT05
2578,Alternate,24.669244,-83.050797,Surveyed,601228,24,3,4,CONT_LR,24.669244,-83.050797,17.4,0.205941,220.541527,3039.886895,DRY TORT,1,D2,R2,DT04
2580,Alternate,24.65064,-83.057902,Surveyed,549263,24,3,4,CONT_LR,24.65064,-83.057902,15.9,0.148433,220.508161,3038.967116,DRY TORT,1,D2,R1,DT04
1610,Primary,24.560271,-82.928085,Not surveyed,253947,0,4,4,ISOL_LR,24.560274,-82.9281,14.2,0.2303,220.364971,3035.021543,DRY TORT,2,D2,R2,DT04
1611,Primary,24.566561,-82.930664,Not surveyed,271298,26,4,4,CONT_LR,24.566561,-82.930664,13.6,0.2083,220.375738,3035.318157,DRY TORT,2,D2,R2,DT04
1612,Primary,24.587483,-82.958037,Not surveyed,333445,26,4,4,ISOL_LR,24.587423,-82.958135,15,0.2096,220.408999,3036.234463,DRY TORT,2,D2,R2,DT04
1613,Primary,24.587816,-82.962585,Not surveyed,334830,26,4,4,ISOL_MR,24.587816,-82.962585,16.8,0.1808,220.409101,3036.237288,DRY TORT,2,D2,R2,DT04
1614,Primary,24.593796,-82.883192,Not surveyed,350485,26,4,4,CONT_LR,24.593796,-82.883192,8.2,0.2371,220.428136,3036.761746,DRY TORT,2,D1,R2,DT01
1615,Primary,24.594593,-82.89111,Not surveyed,353337,26,4,4,CONT_LR,24.5946,-82.891104,6,0.302,220.42881,3036.780312,DRY TORT,2,D1,R3,DT02
1616,Primary,24.595291,-82.871859,Not surveyed,354818,26,4,4,ISOL_LR,24.595291,-82.871859,6.8,0.2443,220.431992,3036.86797,DRY TORT,2,D1,R2,DT01
1617,Primary,24.595874,-82.907293,Not surveyed,357632,26,4,4,ISOL_MR,24.595748,-82.907414,11.5,0.2532,220.428975,3036.784855,DRY TORT,2,D1,R2,DT01
1618,Primary,24.597376,-82.885715,Not surveyed,362036,26,4,4,CONT_LR,24.597376,-82.885715,5,0.2604,220.434097,3036.925989,DRY TORT,2,D1,R3,DT02
1619,Primary,24.601014,-82.95146,Not surveyed,376615,26,4,4,ISOL_LR,24.601052,-82.951435,14.6,0.2136,220.433471,3036.908746,DRY TORT,2,D2,R2,DT04
1620,Primary,24.604784,-82.942112,Not surveyed,388578,26,4,4,ISOL_MR,24.604784,-82.942112,15.2,0.3184,220.440971,3037.115406,DRY TORT,2,D2,R3,DT05
1621,Primary,24.606252,-82.933248,Not surveyed,393090,26,4,4,ISOL_MR,24.606252,-82.933248,15.9,0.1781,220.444469,3037.211792,DRY TORT,2,D2,R2,DT04
1622,Primary,24.60728,-82.958444,Not surveyed,397533,26,4,4,ISOL_HR,24.60728,-82.958444,16.7,2.425,220.443644,3037.189043,DRY TORT,2,D2,R4,DT05
1623,Primary,24.608955,-82.894176,Not surveyed,400659,26,4,4,ISOL_MR,24.609005,-82.894283,6.4,0.4557,220.453507,3037.460849,DRY TORT,2,D1,R4,DT02
1624,Primary,24.618285,-82.945284,Not surveyed,433756,26,4,4,ISOL_MR,24.618285,-82.945284,3.8,0.3343,220.464265,3037.757302,DRY TORT,2,D1,R3,DT02
1625,Primary,24.619022,-82.923074,Not surveyed,435315,26,4,4,ISOL_HR,24.619022,-82.923074,5.9,0.3856,220.467865,3037.856526,DRY TORT,2,D1,R3,DT02
1626,Primary,24.623348,-82.935993,Not surveyed,450501,26,4,4,CONT_LR,24.623371,-82.93598,3.4,0.2269,220.474063,3038.027338,DRY TORT,2,D1,R2,DT01
1627,Primary,24.624546,-82.949825,Not surveyed,455051,26,4,4,SPGR_LR,24.624546,-82.949825,7.9,0.3678,220.474478,3038.038771,DRY TORT,2,D1,R3,DT02
1628,Primary,24.624751,-82.936507,Not surveyed,455078,26,4,4,CONT_LR,24.624718,-82.936494,3.1,0.2351,220.476477,3038.093862,DRY TORT,2,D1,R2,DT01
1629,Primary,24.634985,-82.874433,Not surveyed,487442,26,4,4,CONT_LR,24.634984,-82.874426,4.1,0.2717,220.500916,3038.767424,DRY TORT,2,D1,R3,DT02
1630,Primary,24.635052,-82.868994,Not surveyed,487453,26,4,4,CONT_LR,24.635052,-82.868994,3.4,0.2174,220.501497,3038.783442,DRY TORT,2,D1,R2,DT01
1631,Primary,24.63547,-82.943572,Not surveyed,491932,26,4,4,CONT_LR,24.635461,-82.943574,17.6,0.2072,220.49436,3038.586741,DRY TORT,2,D2,R2,DT04
1632,Primary,24.636097,-82.82061,Not surveyed,489093,26,4,4,SPGR_LR,24.636097,-82.82061,7.9,-9,220.508359,3038.972574,DRY TORT,2,D1,RU,DT03
1633,Primary,24.637502,-82.923829,Not surveyed,498160,26,4,4,ISOL_LR,24.63752,-82.923851,5.3,0.3163,220.500016,3038.742643,DRY TORT,2,D1,R3,DT02
1634,Primary,24.639212,-82.861154,Not surveyed,501387,26,4,4,ISOL_MR,24.639212,-82.861154,9.8,-9,220.509635,3039.007751,DRY TORT,2,D1,RU,DT03
1635,Primary,24.644036,-82.943707,Not surveyed,521402,26,4,4,CONT_LR,24.644036,-82.943707,16.1,0.2375,220.509376,3039.000594,DRY TORT,2,D2,R2,DT04
1636,Primary,24.647735,-82.936849,Not surveyed,533880,26,4,4,CONT_LR,24.647735,-82.936849,14.3,0.3125,220.516428,3039.195002,DRY TORT,2,D2,R3,DT05
1637,Primary,24.64779,-82.786698,Not surveyed,527952,26,4,4,CONT_LR,24.64779,-82.786698,17.2,0.201,220.532258,3039.631378,DRY TORT,2,D2,R2,DT04
1638,Primary,24.648844,-82.8274,Not surveyed,532544,26,4,4,CONT_LR,24.648657,-82.827213,7.7,-9,220.529516,3039.555792,DRY TORT,2,D1,RU,DT03
1639,Primary,24.649629,-82.929964,Not surveyed,540142,26,4,4,CONT_LR,24.649629,-82.929964,13.4,0.2662,220.520676,3039.312084,DRY TORT,2,D2,R3,DT05
1640,Primary,24.650947,-82.856301,Not surveyed,541853,26,4,4,CONT_MR,24.651008,-82.85639,12.6,0.1903,220.530848,3039.59249,DRY TORT,2,D2,R2,DT04
1641,Primary,24.655519,-82.818405,Not surveyed,556012,26,4,4,ISOL_MR,24.655535,-82.818422,4.8,0.485,220.54254,3039.914814,DRY TORT,2,D1,R4,DT02
1642,Primary,24.656546,-82.846592,Not surveyed,560657,26,4,4,ISOL_MR,24.656546,-82.846592,6,0.2767,220.541447,3039.884686,DRY TORT,2,D1,R3,DT02
1643,Primary,24.6567,-82.797699,Not surveyed,559186,26,4,4,ISOL_MR,24.656687,-82.797692,3.5,0.2019,220.546804,3040.03235,DRY TORT,2,D1,R2,DT01
1644,Primary,24.65718,-82.868336,Not surveyed,563753,26,4,4,ISOL_HR,24.65718,-82.868336,9,0.5,220.54022,3039.850849,DRY TORT,2,D1,R4,DT02
1645,Primary,24.65933,-82.840539,Not surveyed,570089,26,4,4,CONT_LR,24.659326,-82.840706,7.6,0.2465,220.547025,3040.038449,DRY TORT,2,D1,R2,DT01
1646,Primary,24.661012,-82.848994,Not surveyed,576188,26,4,4,ISOL_MR,24.661029,-82.849128,12.6,0.3636,220.54921,3040.098693,DRY TORT,2,D2,R3,DT05
1647,Primary,24.664274,-82.914382,Not surveyed,587978,26,4,4,ISOL_LR,24.664274,-82.914382,5.6,0.3983,220.547954,3040.064069,DRY TORT,2,D1,R3,DT02
1648,Primary,24.668196,-82.887252,Not surveyed,596177,26,4,4,ISOL_MR,24.668228,-82.887273,8.5,0.3052,220.557754,3040.33425,DRY TORT,2,D1,R3,DT02
1649,Primary,24.668658,-82.778103,Not surveyed,594578,26,4,4,CONT_LR,24.668658,-82.778103,14.6,0.2306,220.569614,3040.661214,DRY TORT,2,D2,R2,DT04
1650,Primary,24.670287,-82.792947,Not surveyed,598048,26,4,4,CONT_LR,24.670287,-82.792947,4.3,0.2643,220.570926,3040.697392,DRY TORT,2,D1,R3,DT02
1651,Primary,24.674853,-82.826113,Not surveyed,605899,26,4,4,ISOL_MR,24.674853,-82.826113,8.1,0.3621,220.575539,3040.82459,DRY TORT,2,D1,R3,DT02
1652,Primary,24.676261,-82.784139,Not surveyed,607380,26,4,4,ISOL_LR,24.676261,-82.784139,11.4,0.246,220.582251,3041.009672,DRY TORT,2,D1,R2,DT01
1653,Primary,24.67839,-82.904717,Not surveyed,612740,26,4,4,CONT_LR,24.67839,-82.904717,9.5,0.2714,220.573562,3040.770091,DRY TORT,2,D1,R3,DT02
1654,Primary,24.685276,-82.785256,Not surveyed,621374,26,4,4,ISOL_MR,24.685276,-82.785256,6.3,0.2865,220.597988,3041.443592,DRY TORT,2,D1,R3,DT02
1655,Primary,24.689157,-82.904231,Not surveyed,629545,26,4,4,SPGR_LR,24.689229,-82.904387,10,0.326,220.592673,3041.297034,DRY TORT,2,D1,R3,DT02
1656,Primary,24.698356,-82.861477,Not surveyed,642974,26,4,4,CONT_LR,24.698343,-82.861538,6,0.3318,220.613142,3041.861491,DRY TORT,2,D1,R3,DT02
1657,Primary,24.699548,-82.799789,Not surveyed,643801,26,4,4,CONT_LR,24.699548,-82.799789,3.7,0.2717,220.621617,3042.095191,DRY TORT,2,D1,R3,DT02
1658,Primary,24.699783,-82.854641,Not surveyed,645098,26,4,4,CONT_LR,24.699783,-82.854641,5.1,0.2877,220.616395,3041.951207,DRY TORT,2,D1,R3,DT02
1659,Primary,24.703648,-82.8724,Not surveyed,651344,26,4,4,CONT_LR,24.703624,-82.872488,5.9,0.2718,220.621189,3042.083409,DRY TORT,2,D1,R3,DT02
1660,Primary,24.705375,-82.840394,Not surveyed,653491,26,4,4,CONT_LR,24.705375,-82.840394,3.8,0.2606,220.627594,3042.260025,DRY TORT,2,D1,R3,DT02
1661,Primary,24.706717,-82.841402,Not surveyed,655559,26,4,4,CONT_LR,24.706717,-82.841402,3.8,0.2648,220.629818,3042.321375,DRY TORT,2,D1,R3,DT02
1662,Primary,24.709875,-82.878017,Not surveyed,660953,26,4,4,CONT_LR,24.709875,-82.878017,13,0.2716,220.631523,3042.36838,DRY TORT,2,D2,R3,DT05
1663,Primary,24.710864,-82.871113,Not surveyed,662323,26,4,4,CONT_LR,24.710864,-82.871113,13.2,0.282,220.634073,3042.438731,DRY TORT,2,D2,R3,DT05
1664,Primary,24.716328,-82.830671,Not surveyed,669775,26,4,4,SPGR_LR,24.716328,-82.830671,8.1,0.4036,220.647802,3042.817354,DRY TORT,2,D1,R4,DT02
1665,Primary,24.716835,-82.788671,Not surveyed,669860,26,4,4,ISOL_LR,24.716835,-82.788671,13.9,0.2271,220.652908,3042.958199,DRY TORT,2,D2,R2,DT04
1666,Primary,24.716891,-82.858354,Not surveyed,671035,26,4,4,CONT_LR,24.716891,-82.858354,14.7,0.2459,220.646104,3042.770531,DRY TORT,2,D2,R2,DT04
1667,Primary,24.721961,-82.812962,Not surveyed,677631,26,4,4,SPGR_LR,24.721961,-82.812962,16.2,-9,220.659532,3043.14091,DRY TORT,2,D2,RU,DT06
1668,Primary,24.722743,-82.822857,Not surveyed,678887,26,4,4,CONT_MR,24.722743,-82.822857,16.1,-9,220.659947,3043.152372,DRY TORT,2,D2,RU,DT06
1669,Primary,24.724718,-82.806563,Not surveyed,681456,26,4,4,ISOL_MR,24.724746,-82.806577,17.1,0.2341,220.6652,3043.297247,DRY TORT,2,D2,R2,DT04
2593,Secondary,24.558806,-82.936961,Not surveyed,250279,0,4,4,CONT_LR,24.558806,-82.936961,17.4,-9,220.361469,3034.92509,DRY TORT,2,D2,RU,DT06
2594,Secondary,24.58326,-82.895376,Not surveyed,318392,26,4,4,CONT_LR,24.58326,-82.895376,13.2,0.2075,220.408484,3036.220268,DRY TORT,2,D2,R2,DT04
2595,Secondary,24.586513,-82.88802,Not surveyed,328035,26,4,4,ISOL_LR,24.586513,-82.88802,10.8,0.1858,220.414729,3036.392341,DRY TORT,2,D1,R2,DT01
2596,Secondary,24.589591,-82.894484,Not surveyed,337766,26,4,4,SPGR_LR,24.589591,-82.894484,11,0.2225,220.419576,3036.525882,DRY TORT,2,D1,R2,DT01
2597,Secondary,24.593024,-82.943906,Not surveyed,350362,26,4,4,CONT_MR,24.593024,-82.943906,16.7,0.1854,220.420187,3036.542717,DRY TORT,2,D2,R2,DT04
2598,Secondary,24.595649,-82.950364,Not surveyed,358993,26,4,4,ISOL_LR,24.595649,-82.950364,17.3,0.2076,220.424337,3036.657064,DRY TORT,2,D2,R2,DT04
2599,Secondary,24.608112,-82.960397,Not surveyed,400525,26,4,4,ISOL_HR,24.608157,-82.960433,15.2,0.2212,220.44479,3037.220654,DRY TORT,2,D2,R2,DT04
2600,Secondary,24.608813,-82.873542,Not surveyed,399203,26,4,4,SPGR_HR,24.608813,-82.873542,5.5,0.3519,220.455151,3037.506137,DRY TORT,2,D1,R3,DT02
2601,Secondary,24.610689,-82.937776,Not surveyed,408077,26,4,4,ISOL_HR,24.610708,-82.93776,12.4,0.2334,220.451781,3037.413278,DRY TORT,2,D2,R2,DT04
2602,Secondary,24.614482,-82.958087,Not surveyed,421630,26,4,4,ISOL_HR,24.614508,-82.958063,13.2,0.2537,220.456349,3037.539161,DRY TORT,2,D2,R2,DT04
2603,Secondary,24.615436,-82.956103,Not surveyed,424662,26,4,4,CONT_LR,24.615436,-82.956103,11.6,0.2793,220.458107,3037.587597,DRY TORT,2,D1,R3,DT02
2604,Secondary,24.61674,-82.889461,Not surveyed,426307,26,4,4,ISOL_MR,24.61674,-82.889461,6.2,-9,220.467516,3037.846902,DRY TORT,2,D1,RU,DT03
2605,Secondary,24.617299,-82.951688,Not surveyed,430715,26,4,4,ISOL_MR,24.617299,-82.951688,5.2,0.3167,220.461908,3037.692366,DRY TORT,2,D1,R3,DT02
2606,Secondary,24.6179,-82.904787,Not surveyed,430810,26,4,4,CONT_MR,24.6179,-82.904787,12.5,0.4458,220.467856,3037.856255,DRY TORT,2,D2,R4,DT05
2607,Secondary,24.62098,-82.946313,Not surveyed,442862,26,4,4,CONT_LR,24.62098,-82.946313,4.3,0.2204,220.468693,3037.879327,DRY TORT,2,D1,R2,DT01
2608,Secondary,24.624272,-82.827846,Not surveyed,449194,26,4,4,CONT_LR,24.624272,-82.827846,7.9,0.378,220.487091,3038.386364,DRY TORT,2,D1,R3,DT02
2609,Secondary,24.624495,-82.953775,Not surveyed,455043,26,4,4,SPGR_LR,24.624495,-82.953775,9.6,0.2661,220.474268,3038.032993,DRY TORT,2,D1,R3,DT02
2610,Secondary,24.624797,-82.89599,Not surveyed,453634,26,4,4,CONT_LR,24.624783,-82.896002,4,-9,220.480872,3038.214975,DRY TORT,2,D1,RU,DT03
2611,Secondary,24.625646,-82.934534,Not surveyed,458134,26,4,4,CONT_LR,24.625646,-82.934534,3.5,0.2847,220.478136,3038.139591,DRY TORT,2,D1,R3,DT02
2612,Secondary,24.627216,-82.881718,Not surveyed,461297,26,4,4,ISOL_MR,24.627219,-82.881718,3,0.2349,220.486561,3038.371764,DRY TORT,2,D1,R2,DT01
2613,Secondary,24.629523,-82.804217,Not surveyed,466044,26,4,4,SPGR_HR,24.629523,-82.804217,15.1,0.3659,220.498598,3038.703529,DRY TORT,2,D2,R3,DT05
2614,Secondary,24.632924,-82.858592,Not surveyed,479764,26,4,4,SPGR_HR,24.632924,-82.858592,11.5,0.2064,220.499067,3038.716455,DRY TORT,2,D1,R2,DT01
2615,Secondary,24.636401,-82.940626,Not surveyed,495030,26,4,4,CONT_LR,24.636401,-82.940626,15.5,0.2493,220.496292,3038.63999,DRY TORT,2,D2,R2,DT04
2616,Secondary,24.637018,-82.819142,Not surveyed,492184,26,4,4,ISOL_MR,24.637018,-82.819142,7.8,-9,220.510226,3039.024035,DRY TORT,2,D1,RU,DT03
2617,Secondary,24.63704,-82.817647,Not surveyed,492187,26,4,4,ISOL_MR,24.637036,-82.81766,11.4,-9,220.510295,3039.025945,DRY TORT,2,D1,RU,DT03
2618,Secondary,24.637674,-82.8394,Not surveyed,495235,26,4,4,CONT_LR,24.637674,-82.8394,8.8,0.2416,220.50926,3038.997396,DRY TORT,2,D1,R2,DT01
2619,Secondary,24.640145,-82.930312,Not surveyed,507447,26,4,4,CONT_LR,24.640145,-82.930312,8.5,0.3162,220.504066,3038.854256,DRY TORT,2,D1,R3,DT02
2620,Secondary,24.641585,-82.92339,Not surveyed,512119,26,4,4,ISOL_MR,24.641588,-82.92342,6.9,0.5,220.507314,3038.943787,DRY TORT,2,D1,R4,DT02
2621,Secondary,24.641887,-82.826105,Not surveyed,509208,26,4,4,ISOL_LR,24.641899,-82.826127,6.2,0.3299,220.517984,3039.237893,DRY TORT,2,D1,R3,DT02
2622,Secondary,24.642688,-82.943192,Not surveyed,516741,26,4,4,CONT_LR,24.642688,-82.943192,15.9,0.2653,220.507063,3038.936876,DRY TORT,2,D2,R3,DT05
2623,Secondary,24.646311,-82.871138,Not surveyed,526223,26,4,4,ISOL_MR,24.646311,-82.871138,5.7,0.3132,220.521062,3039.322735,DRY TORT,2,D1,R3,DT02
2624,Secondary,24.64766,-82.871674,Not surveyed,530896,26,4,4,ISOL_MR,24.647659,-82.871652,4.9,0.25,220.523377,3039.38655,DRY TORT,2,D1,R2,DT01
2625,Secondary,24.653069,-82.832289,Not surveyed,548154,26,4,4,ISOL_MR,24.65311,-82.832217,6.2,-9,220.536932,3039.760198,DRY TORT,2,D1,RU,DT03
2626,Secondary,24.656424,-82.781881,Not surveyed,557652,26,4,4,SPGR_HR,24.656424,-82.781881,13.6,0.251,220.547771,3040.059031,DRY TORT,2,D2,R2,DT04
2627,Secondary,24.657276,-82.932057,Not surveyed,566764,26,4,4,CONT_LR,24.657276,-82.932057,14.7,0.2485,220.533838,3039.674914,DRY TORT,2,D2,R2,DT04
2628,Secondary,24.661954,-82.927247,Not surveyed,581686,26,4,4,CONT_MR,24.661853,-82.927188,17,0.5,220.542234,3039.906376,DRY TORT,2,D2,R4,DT05
2629,Secondary,24.668623,-82.781067,Not surveyed,594572,26,4,4,ISOL_LR,24.668623,-82.781067,12.5,0.2339,220.569175,3040.649118,DRY TORT,2,D2,R2,DT04
2630,Secondary,24.676209,-82.898755,Not surveyed,609250,26,4,4,CONT_LR,24.676209,-82.898755,5.4,0.3574,220.570424,3040.683562,DRY TORT,2,D1,R3,DT02
2631,Secondary,24.680039,-82.917627,Not surveyed,615510,26,4,4,ISOL_LR,24.680032,-82.917587,17.9,0.1964,220.575052,3040.811163,DRY TORT,2,D2,R2,DT04
2632,Secondary,24.680811,-82.816362,Not surveyed,615017,26,4,4,ISOL_MR,24.68084,-82.816319,5.6,-9,220.587037,3041.141643,DRY TORT,2,D1,RU,DT03
2633,Secondary,24.681304,-82.813785,Not surveyed,615720,26,4,4,ISOL_MR,24.681321,-82.813855,3.8,0.2417,220.588086,3041.17054,DRY TORT,2,D1,R2,DT01
2634,Secondary,24.681755,-82.815344,Not surveyed,616415,26,4,4,ISOL_MR,24.681755,-82.815344,4.1,-9,220.588819,3041.19076,DRY TORT,2,D1,RU,DT03
2635,Secondary,24.685881,-82.919158,Not surveyed,624613,26,4,4,CONT_LR,24.685881,-82.919158,15.8,0.255,220.585098,3041.088172,DRY TORT,2,D2,R2,DT04
2636,Secondary,24.686883,-82.911266,Not surveyed,626029,26,4,4,CONT_LR,24.686884,-82.911269,13,0.2931,220.587722,3041.160518,DRY TORT,2,D2,R3,DT05
2637,Secondary,24.687438,-82.793192,Not surveyed,624868,26,4,4,CONT_LR,24.687438,-82.793192,3.3,0.2563,220.600858,3041.522743,DRY TORT,2,D1,R2,DT01
2638,Secondary,24.693131,-82.844129,Not surveyed,634581,26,4,4,ISOL_LR,24.693141,-82.844167,5.7,0.2417,220.605855,3041.660529,DRY TORT,2,D1,R2,DT01
2639,Secondary,24.694517,-82.840676,Not surveyed,636698,26,4,4,ISOL_MR,24.694537,-82.840729,3.8,0.2702,220.608683,3041.738521,DRY TORT,2,D1,R3,DT02
2640,Secondary,24.698893,-82.883728,Not surveyed,644333,26,4,4,CONT_LR,24.698968,-82.883783,11.1,0.3377,220.611831,3041.825344,DRY TORT,2,D1,R3,DT02
2641,Secondary,24.701561,-82.82144,Not surveyed,647271,26,4,4,CONT_LR,24.701542,-82.82156,3.3,0.3133,220.622783,3042.127345,DRY TORT,2,D1,R3,DT02
2642,Secondary,24.705364,-82.880839,Not surveyed,654099,26,4,4,CONT_MR,24.705324,-82.880913,12.1,0.2411,220.623277,3042.140968,DRY TORT,2,D2,R2,DT04
2643,Secondary,24.705575,-82.786534,Not surveyed,652906,26,4,4,CONT_LR,24.705575,-82.786534,9.6,0.2838,220.633346,3042.418672,DRY TORT,2,D1,R3,DT02
2644,Secondary,24.709525,-82.795979,Not surveyed,659073,26,4,4,CONT_LR,24.709525,-82.795979,8.2,0.2318,220.639352,3042.584315,DRY TORT,2,D1,R2,DT01
2645,Secondary,24.712285,-82.865699,Not surveyed,664356,26,4,4,CONT_LR,24.712285,-82.865699,11,0.2722,220.637156,3042.523728,DRY TORT,2,D1,R3,DT02
2646,Secondary,24.715408,-82.86871,Not surveyed,669032,26,4,4,CONT_LR,24.715408,-82.86871,14.4,0.2511,220.642327,3042.666372,DRY TORT,2,D2,R2,DT04
2647,Secondary,24.715618,-82.814846,Not surveyed,668475,26,4,4,SPGR_LR,24.715618,-82.814846,8.4,0.3026,220.648261,3042.830039,DRY TORT,2,D1,R3,DT02
2648,Secondary,24.717598,-82.837609,Not surveyed,671735,26,4,4,CONT_LR,24.717598,-82.837609,11.5,0.3215,220.649354,3042.86019,DRY TORT,2,D1,R3,DT02
2649,Secondary,24.717745,-82.860814,Not surveyed,672346,26,4,4,CONT_LR,24.717763,-82.860838,15.4,0.2431,220.647361,3042.805198,DRY TORT,2,D2,R2,DT04
2650,Secondary,24.721871,-82.820374,Not surveyed,677616,26,4,4,CONT_HR,24.721871,-82.820374,16,1.13,220.65859,3043.114933,DRY TORT,2,D2,R4,DT05
2651,Secondary,24.722239,-82.825769,Not surveyed,678243,26,4,4,CONT_MR,24.722256,-82.825816,14.9,-9,220.658707,3043.118164,DRY TORT,2,D2,RU,DT06
2652,Secondary,24.724573,-82.820907,Not surveyed,681427,26,4,4,ISOL_MR,24.724573,-82.820907,14.6,-9,220.663304,3043.244956,DRY TORT,2,D2,RU,DT06
